Process,TechDescription,Sector,Subsector,Subsubsector
AHCOA-E,Agriculture - Heating-Coal - Existing             ,Agriculture,Agriculture,Other
AHELC-E,Agriculture - Heating - Electricity - Room - Exist,Agriculture,Agriculture,Other
AHOHF-E,Agriculture - Heating - Oil HFO- Existing         ,Agriculture,Agriculture,Other
AHOKE-E,Agriculture - Heating - Oil Paraffin- Existing    ,Agriculture,Agriculture,Other
AHOLP-E,Agriculture - Heating - Oil LPG- Existing         ,Agriculture,Agriculture,Other
AIELC-E,Agriculture - Irrigation - Electricity - Existing ,Agriculture,Agriculture,Other
AIODS-E,Agriculture - Irrigation - Oil Diesel - Existing  ,Agriculture,Agriculture,Other
AIOGS-E,Agriculture - Irrigation - Oil Gasoline - Existing,Agriculture,Agriculture,Other
AOELC-E,Agriculture - Other - Electricity - Existing      ,Agriculture,Agriculture,Other
APELC-E,Agriculture - Processing - Electricity - Existing ,Agriculture,Agriculture,Other
ATELC-E,Agriculture - Traction - Electricity - Existing   ,Agriculture,Agriculture,Other
ATODS-E,Agriculture - Traction - Oil Diesel - Existing    ,Agriculture,Agriculture,Other
ATOGS-E,Agriculture - Traction - Oil Gasoline - Existing  ,Agriculture,Agriculture,Other
CECELCCEN-E,Commercial - Cooling - Electricity - Central - Exi,Commerce,ComExisting,Cooling
CECELCCEN-N,Commercial - Cooling - Electricity - Central - New,Commerce,ComExisting,Cooling
CECELCCHIL-E,Commercial - Cooling - Electricity - Chiller - Exi,Commerce,ComExisting,Cooling
CECELCHP-E,Commercial - Cooling - Electricity - Heat Pump - E,Commerce,ComExisting,Cooling
CECELCHP-N,Commercial - Cooling - Electricity - Heat Pump - N,Commerce,ComExisting,Cooling
CECELCROOM-E,Commercial - Cooling - Electricity - Room - Existi,Commerce,ComExisting,Cooling
CEGELCHAL-E,Commercial - Public Lights - Electricity - HAL - E,Commerce,ComExisting,Public Lights
CEGELCHPM-E,Commercial - Public Lights - Electricity - HPM - E,Commerce,ComExisting,Public Lights
CEGELCHPS-E,Commercial - Public Lights - Electricity - HPS - E,Commerce,ComExisting,Public Lights
CEGELCINC-E,Commercial - Public Lights - Electricity - INC - E,Commerce,ComExisting,Public Lights
CEGELCLED-N,Commercial - Public Lights - Electricity - LED - N,Commerce,ComExisting,Public Lights
CEGELCMHL-E,Commercial - Public Lights - Electricity - MHL - E,Commerce,ComExisting,Public Lights
CEHCOA-E,Commercial - Space Heating - Coal - Existing      ,Commerce,ComExisting,Space Heating
CEHELC-E,Commercial - Space Heating - Electricity - Existin,Commerce,ComExisting,Space Heating
CEHELC-N,Commercial - Space Heating - Electricity - New    ,Commerce,ComExisting,Space Heating
CEHGAS-E,Commercial - Space Heating - Gas - Existing       ,Commerce,ComExisting,Space Heating
CEHGAS-N,Commercial - Space Heating - Gas - New            ,Commerce,ComExisting,Space Heating
CEKCOA-E,Commercial - Cooking - Coal - Existing            ,Commerce,ComExisting,Cooking
CEKELC-E,Commercial - Cooking - Electricity - Existing     ,Commerce,ComExisting,Cooking
CEKOLP-E,Commercial - Cooking - Oil LPG - Existing         ,Commerce,ComExisting,Cooking
CELELCCFL-E,Commercial - Lighting - Electricity - CFL - Existi,Commerce,ComExisting,Lighting
CELELCFLU-E,Commercial - Lighting - Electricity - FLU - Existi,Commerce,ComExisting,Lighting
CELELCHAL-E,Commercial - Lighting - Electricity - HAL - Existi,Commerce,ComExisting,Lighting
CELELCHID-E,Commercial - Lighting - Electricity - HID - Existi,Commerce,ComExisting,Lighting
CELELCINC-E,Commercial - Lighting - Electricity - INC - Existi,Commerce,ComExisting,Lighting
CELELCLED-N,Commercial - Lighting - Electricity - LED - New   ,Commerce,ComExisting,Lighting
CEOCOA-E,Commercial - Other - Coal - Existing              ,Commerce,ComExisting,Other
CEOELC-E,Commercial - Other - Electricity - Existing       ,Commerce,ComExisting,Other
CEOGAS-E,Commercial - Other - Gas - Existing               ,Commerce,ComExisting,Other
CEOODS-E,Commercial - Other - Oil Diesel - Existing        ,Commerce,ComExisting,Other
CEOOGS-E,Commercial - Other - Oil Gasoline - Existing      ,Commerce,ComExisting,Other
CEOOHF-E,Commercial - Other - Oil HFO - Existing           ,Commerce,ComExisting,Other
CEOOKE-E,Commercial - Other - Oil Paraffin - Existing      ,Commerce,ComExisting,Other
CERELC-E,Commercial - Refrigeration - Electricity - Existin,Commerce,ComExisting,Refrigeration
CERELC-N,Commercial - Refrigeration - Electricity - New    ,Commerce,ComExisting,Refrigeration
CETELC-E,Commercial - Public Water - Electricity -  - Exist,Commerce,ComExisting,Public Water
CEWCOA-E,Commercial - Water Heating - Coal - Existing      ,Commerce,ComExisting,Water Heating
CEWELC-E,Commercial - Water Heating - Electricity - Existin,Commerce,ComExisting,Water Heating
CEWELC-N,Commercial - Water Heating - Electricity - New    ,Commerce,ComExisting,Water Heating
CEWELCHP-N,Commercial - Water Heating - Electricity - HP - Ne,Commerce,ComExisting,Water Heating
CEWGAS-E,Commercial - Water Heating - Gas - Existing       ,Commerce,ComExisting,Water Heating
CEWOKE-E,Commercial - Water Heating - Oil Paraffin - Existi,Commerce,ComExisting,Water Heating
CEWOLP-E,Commercial - Water Heating - Oil LPG - Existing   ,Commerce,ComExisting,Water Heating
CNCELCCEN-E,Commercial - Cooling - Electricity - Central - Exi,Commerce,ComNew,Cooling
CNCELCCEN-N,Commercial - Cooling - Electricity - Central - New,Commerce,ComNew,Cooling
CNCELCCHIL-E,Commercial - Cooling - Electricity - Chiller - Exi,Commerce,ComNew,Cooling
CNCELCHP-E,Commercial - Cooling - Electricity - Heat Pump - E,Commerce,ComNew,Cooling
CNCELCHP-N,Commercial - Cooling - Electricity - Heat Pump - N,Commerce,ComNew,Cooling
CNCELCROOM-E,Commercial - Cooling - Electricity - Room - Existi,Commerce,ComNew,Cooling
CNGELCHAL-E,Commercial - Public Lights - Electricity - HAL - E,Commerce,ComNew,Public Lights
CNGELCHPM-E,Commercial - Public Lights - Electricity - HPM - E,Commerce,ComNew,Public Lights
CNGELCHPS-E,Commercial - Public Lights - Electricity - HPS - E,Commerce,ComNew,Public Lights
CNGELCINC-E,Commercial - Public Lights - Electricity - INC - E,Commerce,ComNew,Public Lights
CNGELCLED-N,Commercial - Public Lights - Electricity - LED - N,Commerce,ComNew,Public Lights
CNGELCMHL-E,Commercial - Public Lights - Electricity - MHL - E,Commerce,ComNew,Public Lights
CNHCOA-E,Commercial - Space Heating - Coal - Existing      ,Commerce,ComNew,Space Heating
CNHELC-E,Commercial - Space Heating - Electricity - Existin,Commerce,ComNew,Space Heating
CNHELC-N,Commercial - Space Heating - Electricity - New    ,Commerce,ComNew,Space Heating
CNHGAS-E,Commercial - Space Heating - Gas - Existing       ,Commerce,ComNew,Space Heating
CNHGAS-N,Commercial - Space Heating - Gas - New            ,Commerce,ComNew,Space Heating
CNKCOA-E,Commercial - Cooking - Coal - Existing            ,Commerce,ComNew,Cooking
CNKELC-E,Commercial - Cooking - Electricity - Existing     ,Commerce,ComNew,Cooking
CNKOLP-E,Commercial - Cooking - Oil LPG - Existing         ,Commerce,ComNew,Cooking
CNLELCCFL-E,Commercial - Lighting - Electricity - CFL - Existi,Commerce,ComNew,Lighting
CNLELCFLU-E,Commercial - Lighting - Electricity - FLU - Existi,Commerce,ComNew,Lighting
CNLELCHAL-E,Commercial - Lighting - Electricity - HAL - Existi,Commerce,ComNew,Lighting
CNLELCHID-E,Commercial - Lighting - Electricity - HID - Existi,Commerce,ComNew,Lighting
CNLELCINC-E,Commercial - Lighting - Electricity - INC - Existi,Commerce,ComNew,Lighting
CNLELCLED-N,Commercial - Lighting - Electricity - LED - New   ,Commerce,ComNew,Lighting
CNOCOA-E,Commercial - Other - Coal - Existing              ,Commerce,ComNew,Other
CNOELC-E,Commercial - Other - Electricity - Existing       ,Commerce,ComNew,Other
CNOGAS-E,Commercial - Other - Gas - Existing               ,Commerce,ComNew,Other
CNOODS-E,Commercial - Other - Oil Diesel - Existing        ,Commerce,ComNew,Other
CNOOGS-E,Commercial - Other - Oil Gasoline - Existing      ,Commerce,ComNew,Other
CNOOHF-E,Commercial - Other - Oil HFO - Existing           ,Commerce,ComNew,Other
CNOOKE-E,Commercial - Other - Oil Paraffin - Existing      ,Commerce,ComNew,Other
CNRELC-E,Commercial - Refrigeration - Electricity - Existin,Commerce,ComNew,Refrigeration
CNRELC-N,Commercial - Refrigeration - Electricity - New    ,Commerce,ComNew,Refrigeration
CNTELC-E,Commercial - Public Water - Electricity -  - Exist,Commerce,ComNew,Public Water
CNWCOA-E,Commercial - Water Heating - Coal - Existing      ,Commerce,ComNew,Water Heating
CNWELC-E,Commercial - Water Heating - Electricity - Existin,Commerce,ComNew,Water Heating
CNWELC-N,Commercial - Water Heating - Electricity - New    ,Commerce,ComNew,Water Heating
CNWELCHP-N,Commercial - Water Heating - Electricity - HP - Ne,Commerce,ComNew,Water Heating
CNWGAS-E,Commercial - Water Heating - Gas - Existing       ,Commerce,ComNew,Water Heating
CNWOKE-E,Commercial - Water Heating - Oil Paraffin - Existi,Commerce,ComNew,Water Heating
CNWOLP-E,Commercial - Water Heating - Oil LPG - Existing   ,Commerce,ComNew,Water Heating
COM_ACHILLER-E,Commercial sector Absorption chiller              ,Commerce,AutoGen,Cooling
COM_ACHILLER-N,Commercial sector - new - Absorption chiller      ,Commerce,AutoGen,Cooling
COM_HEATER-E,Commercial - existing - use heat from switch for h,Commerce,AutoGen,Space Heating
COM_HEATER-N,Commercial - new - use heat from switch for heatin,Commerce,AutoGen,Space Heating
COMTHRM_SWITCH-E,Switch for com - existing for thermal energy to Sp,,,Other
COMTHRM_SWITCH-N,Switch for com - new for thermal energy to Space h,,,Other
COMTRI_1-E,Commercial - Existing - Stage 1 of trigeneration  ,Commerce,AutoGen,CHP
COMTRI_1-N,Commercial - New - Stage 1 of trigeneration module,Commerce,AutoGen,CHP
EPD-E,Pumped Storage Existing dam                       ,,,Other
EPD-N,Pumped Storage New dam                            ,,,Other
EPP-E,Pumped Storage Existing pump                      ,,,Other
EPP-N,Pumped Storage New pump                           ,,,Other
EPT-E,Pumped Storage Existing turbine                   ,Power,EPumpStorage,EPumpStorage
EPT-N,Pumped Storage New turbine                        ,Power,EPumpStorage,EPumpStorage
ERBIG-N,Landfill gas                                      ,Power,EBiomass,EBiomass
ERBIO-N,Biomass municipal waste                           ,Power,EBiomass,EBiomass
ERHYD-E,Hydro Existing South Africa                       ,Power,EHydro,EHydro
ERHYD-I,Hydro Existing Region                             ,Power,EImports,EImports
ERHYD-N,Micro hydro                                       ,Power,EHydro,EHydro
ERHYDB-I,Boroma - Quedas Ocua hydro import (Moz C)         ,Power,EImports,EImports
ERHYDF-I,Kafue hydro import (Zam A)                        ,Power,EImports,EImports
ERHYDGIE-I,Grand Inga (East)                                 ,Power,EImports,EImports
ERHYDGIW-I,Grand Inga (West)                                 ,Power,EImports,EImports
ERHYDH-I,HCB North hydro import (Moz B)                    ,Power,EImports,EImports
ERHYDI-I,Ithezi Tezhi hydro import (Zam B)                 ,Power,EImports,EImports
ERHYDK-I,Kariba North Bank extension hydro import Zam C)   ,Power,EImports,EImports
ERHYDM-I,Mphanda Nkuwa hydro import (Moz A)                ,Power,EImports,EImports
ERSOLPCF-N,Solar PV Fixed                                    ,Power,EPV,EPV_Grid
ERSOLPCT-N,Solar PV tracking                                 ,Power,EPV,EPV_Grid
ERSOLPRC-N,Solar PV rooftop commercial                       ,Power,EPV,EPV_RfTpCOM
ERSOLPRR-N,Solar PV rooftop residential                      ,Power,EPV,EPV_RfTpRES
ERSOLTC03-N,Solar Central Receiver 03 hrs storage             ,Power,ECSP,ECSP
ERSOLTC06-N,Solar Central Receiver 06 hrs storage             ,Power,ECSP,ECSP
ERSOLTC09-N,Solar Central Receiver 09 hrs storage             ,Power,ECSP,ECSP
ERSOLTC12-N,Solar Central Receiver 12 hrs storage             ,Power,ECSP,ECSP
ERSOLTC14-N,Solar Central Receiver 14 hrs storage             ,Power,ECSP,ECSP
ERSOLTT00-N,Solar Parabolic Trough 0 storage                  ,Power,ECSP,ECSP
ERSOLTT03-N,Solar Parabolic Trough 03 hrs storage             ,Power,ECSP,ECSP
ERSOLTT06-N,Solar Parabolic Trough 06 hrs storage             ,Power,ECSP,ECSP
ERSOLTT09-N,Solar Parabolic Trough 09 hrs storage             ,Power,ECSP,ECSP
ERWNDH-N,Wind high resource                                ,Power,EWind,EWind
ERWNDM-N,Wind medium resource                              ,Power,EWind,EWind
ETCLDFB-N,Fluidised Bed Combustion Coal                     ,Power,ECoal,ECoal_CB
ETCLEARNO-E,ARNOT                                             ,Power,ECoal,ECoal_CB
ETCLECAMD-E,CAMDEN                                            ,Power,ECoal,ECoal_CB
ETCLEDUVH-E,DUVHA                                             ,Power,ECoal,ECoal_CB
ETCLEGROO-E,GROOTVLEI                                         ,Power,ECoal,ECoal_CB
ETCLEHEND-E,HENDRINA                                          ,Power,ECoal,ECoal_CB
ETCLEIG-N,Integrated Gasification Combined Cycle Coal       ,Power,ECoal,ECoal_CB
ETCLEKELA-E,KELVIN A                                          ,Power,ECoal,ECoal_CB
ETCLEKELB-E,KELVIN B                                          ,Power,ECoal,ECoal_CB
ETCLEKEND-E,KENDAL                                            ,Power,ECoal,ECoal_CB
ETCLEKOMA-E,KOMATI                                            ,Power,ECoal,ECoal_CB
ETCLEKRIE-E,KRIEL                                             ,Power,ECoal,ECoal_CB
ETCLELETH-E,LETHABO                                           ,Power,ECoal,ECoal_CB
ETCLEMAJD-E,MAJUBA DRY                                        ,Power,ECoal,ECoal_CB
ETCLEMAJW-E,MAJUBA WET                                        ,Power,ECoal,ECoal_CB
ETCLEMATI-E,MATIMBA                                           ,Power,ECoal,ECoal_CB
ETCLEMATL-E,MATLA                                             ,Power,ECoal,ECoal_CB
ETCLEPFD-E-A,Supercritical Coal - Waterberg Region (Matimba)   ,Power,ECoal,ECoal_WB
ETCLEPFSI-E,Sasol Infrachem                                   ,Power,ECoal,ECoal_CB
ETCLEPFSS-E,Sasol SSF                                         ,Power,ECoal,ECoal_CB
ETCLEPRET-E,PRETORIA WEST                                     ,Power,ECoal,ECoal_CB
ETCLEROOI-E,ROOIWAL                                           ,Power,ECoal,ECoal_CB
ETCLESC-N-A,Supercritical Coal - Waterberg Region             ,Power,ECoal,ECoal_WB
ETCLESC-N,Supercritical Coal                                ,Power,ECoal,ECoal_CB
ETCLETUTU-E,TUTUKA                                            ,Power,ECoal,ECoal_CB
ETCRBSCBO-I,Mmamabula coal import                             ,Power,EImports,EImports
ETCRBSCMO-I,Moatize - Benga coal import                       ,Power,EImports,EImports
ETGASCC-N,Combined Cycle Gas Turbine - Inland               ,Power,EGas,EGas
ETGASCCSS-N,Combined Cycle Gas Turbine - Sasol                ,Power,EGas,EGas
ETGASGT-N,Open Cycle Gas Turbine - Inland                   ,Power,EGas,EGas
ETGICCC-N,Combined Cycle Gas Turbine - Coastal              ,Power,EGas,EGas
ETGICGT-N,Open Cycle Gas Turbine - LNG                      ,Power,EGas,EGas
ETGIHCC-N,Combined Cycle Gas Turbine - Shale                ,Power,EGas,EGas
ETGIHGT-N,Open Cycle Gas Turbine - Shale                    ,Power,EGas,EGas
ETGRMCC-N,Combined Cycle Gas Turbine - Northern Mozambique  ,Power,EGas,EGas
ETGRNCC-I,Kudu gas (Nam)                                    ,Power,EImports,EImports
ETNUC-E,Nuclear Existing                                  ,Power,ENuclear,ENuclear
ETNUC-N,Nuclear Mid                                       ,Power,ENuclear,ENuclear
ETODSGT-E,OCGT liquid fuels Existing                        ,Power,EOil,EOil
ETODSGT-N,Open-Cycle Gas Turbine - diesel                   ,Power,EOil,EOil
ETRANS,Transmission                                      ,,,Other
ICPAELC-E,Industry-Chemicals-Compressed air - Electricity   ,Industry,Chemicals33,Compressed Air
ICPCELC-E,Industry-Chemicals-Cooling - Electricity          ,Industry,Chemicals33,Cooling
ICPEELC-E,Industry-Chemicals-Electrochemical - Electricity  ,Industry,Chemicals33,Electrochemical
ICPFELC-E,Industry-Chemicals-Fans - Electricity             ,Industry,Chemicals33,Fans
ICPHELC-E,Industry-Chemicals-HVAC - Electricity             ,Industry,Chemicals33,HVAC
ICPKELC-E,Industry-Chemicals-Elec Heating - Electricity     ,Industry,Chemicals33,Electric Heating
ICPLELC-E,Industry-Chemicals-Lighting - Electricity         ,Industry,Chemicals33,Lighting
ICPOELC-E,Industry-Chemicals-Other motive - Electricity     ,Industry,Chemicals33,Other Motive
ICPPELC-E,Industry-Chemicals-Pumping - Electricity          ,Industry,Chemicals33,Pumping
ICPSCOA-E,Industry-Chemicals-boiler/process heating - Coal -,Industry,Chemicals33,Process Heat 
ICPSELC-E,Industry-Chemicals-boiler/process heating - Electr,Industry,Chemicals33,Process Heat 
ICPSGAS-E,Industry-Chemicals-boiler/process heating - Gas - ,Industry,Chemicals33,Process Heat 
ICPSOHF-E,Industry-Chemicals-boiler/process heating - Oil HF,Industry,Chemicals33,Process Heat 
ICPSOLP-E,Industry-Chemicals-boiler/process heating - Oil LP,Industry,Chemicals33,Process Heat 
ICPSWAS-E,Industry-Chemicals-boiler/process heating - Waste ,Industry,Chemicals33,Process Heat 
ICPTGAS-E,Industry-Chemicals-Ancillary - Gas - Existing     ,Industry,Chemicals33,Ancillary
IFAEAF,FerroAlloys electric arc furnace                  ,Industry,FerroAlloys,Other
IFBAELC-E,"Industry-Food, Beverage & Tabacco-Compressed air -",Industry,Food_Bev_Tob30,Compressed Air
IFBCELC-E,"Industry-Food, Beverage & Tabacco-Cooling - Electr",Industry,Food_Bev_Tob30,Cooling
IFBEELC-E,"Industry-Food, Beverage & Tabacco-Electrochemical ",Industry,Food_Bev_Tob30,Electrochemical
IFBFELC-E,"Industry-Food, Beverage & Tabacco-Fans - Electrici",Industry,Food_Bev_Tob30,Fans
IFBHELC-E,"Industry-Food, Beverage & Tabacco-HVAC - Electrici",Industry,Food_Bev_Tob30,HVAC
IFBKELC-E,"Industry-Food, Beverage & Tabacco-Elec Heating - E",Industry,Food_Bev_Tob30,Electric Heating
IFBLELC-E,"Industry-Food, Beverage & Tabacco-Lighting - Elect",Industry,Food_Bev_Tob30,Lighting
IFBOELC-E,"Industry-Food, Beverage & Tabacco-Other motive - E",Industry,Food_Bev_Tob30,Other Motive
IFBPELC-E,"Industry-Food, Beverage & Tabacco-Pumping - Electr",Industry,Food_Bev_Tob30,Pumping
IFBSBIB-E,"Industry-Food, Beverage & Tabacco-boiler/process h",Industry,Food_Bev_Tob30,Process Heat 
IFBSCOA-E,"Industry-Food, Beverage & Tabacco-boiler/process h",Industry,Food_Bev_Tob30,Process Heat 
IFBSELC-E,"Industry-Food, Beverage & Tabacco-boiler/process h",Industry,Food_Bev_Tob30,Process Heat 
IFBSGAS-E,"Industry-Food, Beverage & Tabacco-boiler/process h",Industry,Food_Bev_Tob30,Process Heat 
IFBSOHF-E,"Industry-Food, Beverage & Tabacco-boiler/process h",Industry,Food_Bev_Tob30,Process Heat 
IFBSOLP-E,"Industry-Food, Beverage & Tabacco-boiler/process h",Industry,Food_Bev_Tob30,Process Heat 
IFBSWAS-E,"Industry-Food, Beverage & Tabacco-boiler/process h",Industry,Food_Bev_Tob30,Process Heat 
IISBFBOF-E-T1,Industry - Iron&Steel - BF BOF route - Existing - ,Industry,Iron_Steel351,BFBOF-Existing
IISBFBOF-E-T2,Industry - Iron&Steel - BF BOF route - Existing - ,Industry,Iron_Steel351,BFBOF-Existing
IISBFBOF-E,Industry - Iron&Steel - BF BOF route - Existing   ,Industry,Iron_Steel351,BFBOF-Existing
IISBFBOF-N,Industry - Iron&Steel - BF BOF route - New build  ,Industry,Iron_Steel351,BFBOF-New
IISCOREAF-E-T1,Industry - Iron&Steel - COREAF route - Existing - ,Industry,Iron_Steel351,COREAF-Existing
IISCOREAF-E-T2,Industry - Iron&Steel - COREAF route - Existing - ,Industry,Iron_Steel351,COREAF-Existing
IISCOREAF-E,Industry - Iron&Steel - Corex EAF - Existing      ,Industry,Iron_Steel351,COREAF-Existing
IISCOV,Industry - Iron&Steel - Coke oven                 ,Industry,Iron_Steel351,Coke Ovens
IISDRIEAF-E-T1,Industry - Iron&Steel - Coal DRI-EAF route - Exist,Industry,Iron_Steel351,DRIEAF-Existing
IISDRIEAF-E-T2,Industry - Iron&Steel - Coal DRIEAF route - Existi,Industry,Iron_Steel351,DRIEAF-Existing
IISDRIEAF-E,Industry - Iron&Steel - Coal DRI-EAF route - Exist,Industry,Iron_Steel351,DRIEAF-Existing
IISDRIEAF-NC,Industry - Iron&Steel - DRIEAF route - New Build -,Industry,Iron_Steel351,DRIEAFCoal-New
IISDRIEAF-NG,Industry - Iron&Steel - DRIEAF route - New Build -,Industry,Iron_Steel351,DRIEAFGas-New
IISOTHEAF-E-T1,Industry - Iron&Steel - OTHEAF route - Existing - ,Industry,Iron_Steel351,OtherEAF-Existing
IISOTHEAF-E-T2,Industry - Iron&Steel - OTHEAF route - Existing - ,Industry,Iron_Steel351,OtherEAF-Existing
IISOTHEAF-E,Industry - Iron&Steel - Other EAF - Existing      ,Industry,Iron_Steel351,OtherEAF-Existing
IISSCREAF-E-T1,Industry - Iron&Steel - Scrap Electric Arc Furnace,Industry,Iron_Steel351,SCREAF-Existing
IISSCREAF-E-T2,Industry - Iron&Steel - Scrap Electric Arc Furnace,Industry,Iron_Steel351,SCREAF-Existing
IISSCREAF-E,Industry - Iron&Steel - Scrap Electric Arc Furnace,Industry,Iron_Steel351,SCREAF-Existing
IISSCREAF-N,Industry - Iron&Steel - Scrap Electric Arc Furnace,Industry,Iron_Steel351,SCREAF-New
IMIAELC-E,Industry-Mining-Compressed air - Electricity      ,Industry,Mining2,Compressed Air
IMICELC-E,Industry-Mining-Cooling - Electricity             ,Industry,Mining2,Cooling
IMIEELC-E,Industry-Mining-Electrochemical - Electricity     ,Industry,Mining2,Electrochemical
IMIFELC-E,Industry-Mining-Fans - Electricity                ,Industry,Mining2,Fans
IMIHELC-E,Industry-Mining-HVAC - Electricity                ,Industry,Mining2,HVAC
IMIKELC-E,Industry-Mining-Elec Heating - Electricity        ,Industry,Mining2,Electric Heating
IMILELC-E,Industry-Mining-Lighting - Electricity            ,Industry,Mining2,Lighting
IMIOELC-E,Industry-Mining-Other motive - Electricity        ,Industry,Mining2,Other Motive
IMIPELC-E,Industry-Mining-Pumping - Electricity             ,Industry,Mining2,Pumping
IMIRODS-E,Industry-Mining-Transport - Oil Diesel - Existing ,Industry,Mining2,Other
IMISCOA-E,Industry-Mining-boiler/process heating - Coal - Ex,Industry,Mining2,Process Heat 
IMISELC-E,Industry-Mining-boiler/process heating - Electrici,Industry,Mining2,Process Heat 
IMISGAS-E,Industry-Mining-boiler/process heating - Gas - Exi,Industry,Mining2,Process Heat 
IMISOHF-E,Industry-Mining-boiler/process heating - Oil HFO -,Industry,Mining2,Process Heat 
IMISOLP-E,Industry-Mining-boiler/process heating - Oil LPG -,Industry,Mining2,Process Heat 
IMISWAS-E,Industry-Mining-boiler/process heating - Waste - E,Industry,Mining2,Process Heat 
IMPBID,Imports of Biodiesel                              ,Supply,Imports,Imports
IMPBIE,Imports of Bioethanol                             ,Supply,Imports,Imports
IMPCOK,Imports of Coal Coking                            ,Supply,Imports,Cooling
IMPGRL,Imports of Gas Regional LNG                       ,Supply,Imports,Imports
IMPGWL,Imports of Gas International LNG                  ,Supply,Imports,Imports
IMPNUC,Imports of Nuclear                                ,Supply,Imports,Imports
IMPOAG,Imports of Oil Av Gasoline                        ,Supply,Imports,Other Motive
IMPOCR,Imports of Oil Crude                              ,Supply,Imports,Other Motive
IMPODS,Imports of Oil Diesel                             ,Supply,Imports,Other Motive
IMPOGS,Imports of Oil Gasoline                           ,Supply,Imports,Other Motive
IMPOHF,Imports of Oil HFO                                ,Supply,Imports,Other Motive
IMPOKE,Imports of Oil Kerosene                           ,Supply,Imports,Other Motive
IMPOLP,Imports of Oil LPG                                ,Supply,Imports,Other Motive
INFAELC-E,Industry-Precious & Non-Ferrous metals-Compressed ,Industry,PNFMetals352,Compressed Air
INFCELC-E,Industry-Precious & Non-Ferrous metals-Cooling - E,Industry,PNFMetals352,Cooling
INFEELC-E,Industry-Precious & Non-Ferrous metals-Electrochem,Industry,PNFMetals352,Electrochemical
INFFELC-E,Industry-Precious & Non-Ferrous metals-Fans - Elec,Industry,PNFMetals352,Fans
INFHELC-E,Industry-Precious & Non-Ferrous metals-HVAC - Elec,Industry,PNFMetals352,HVAC
INFKELC-E,Industry-Precious & Non-Ferrous metals-Elec Heatin,Industry,PNFMetals352,Electric Heating
INFLELC-E,Industry-Precious & Non-Ferrous metals-Lighting - ,Industry,PNFMetals352,Lighting
INFOELC-E,Industry-Precious & Non-Ferrous metals-Other motiv,Industry,PNFMetals352,Other Motive
INFPELC-E,Industry-Precious & Non-Ferrous metals-Pumping - E,Industry,PNFMetals352,Pumping
INFSCOA-E,Industry-Precious & Non-Ferrous metals-boiler/proc,Industry,PNFMetals352,Process Heat 
INFSELC-E,Industry-Precious & Non-Ferrous metals-boiler/proc,Industry,PNFMetals352,Process Heat 
INFSGAS-E,Industry-Precious & Non-Ferrous metals-boiler/proc,Industry,PNFMetals352,Process Heat 
INFSOHF-E,Industry-Precious & Non-Ferrous metals-boiler/proc,Industry,PNFMetals352,Process Heat 
INFSOLP-E,Industry-Precious & Non-Ferrous metals-boiler/proc,Industry,PNFMetals352,Process Heat 
INFSWAS-E,Industry-Precious & Non-Ferrous metals-boiler/proc,Industry,PNFMetals352,Process Heat 
INMBRIADV,Industry - Non-metallic minerals - Bricks and cera,Industry,NMMProducts34,Bricks
INMBRIF2TF,Industry - Non-metallic minerals - Brick and ceram,Industry,NMMProducts34,Bricks
INMBRISTD,Industry - Non-metallic minerals - Bricks and cera,Industry,NMMProducts34,Bricks
INMCEMF2TF,Industry - Non-metallic minerals - Cement - Fuel t,Industry,NMMProducts34,Cement
INMCEMFGBM,Industry - Non-metallic minerals - Cement - Finish,Industry,NMMProducts34,Cement
INMCEMFGRP,Industry - Non-metallic minerals - Cement - Finish,Industry,NMMProducts34,Cement
INMCEMKLD-E-T1,Industry - Non-metallic minerals - Cement - Kiln L,Industry,NMMProducts34,Cement
INMCEMKLD-E-T2,Industry - Non-metallic minerals - Cement - Kiln L,Industry,NMMProducts34,Cement
INMCEMKLD-E,Industry - Non-metallic minerals - Cement - Kiln L,Industry,NMMProducts34,Cement
INMCEMKPP-E-T1,Industry - Non-metallic minerals - Cement - Kiln N,Industry,NMMProducts34,Cement
INMCEMKPP-E-T2,Industry - Non-metallic minerals - Cement - Kiln N,Industry,NMMProducts34,Cement
INMCEMKPP-E,Industry - Non-metallic minerals - Cement - Kiln N,Industry,NMMProducts34,Cement
INMCEMKPP-N,Industry - Non-metallic minerals - Cement - Kiln N,Industry,NMMProducts34,Cement
INMCEMKSP-E-T1,Industry - Non-metallic minerals - Cement - Kiln N,Industry,NMMProducts34,Cement
INMCEMKSP-E-T2,Industry - Non-metallic minerals - Cement - Kiln N,Industry,NMMProducts34,Cement
INMCEMKSP-E,Industry - Non-metallic minerals - Cement - Kiln S,Industry,NMMProducts34,Cement
INMCEMKSP-N,Industry - Non-metallic minerals - Cement - Kiln S,Industry,NMMProducts34,Cement
INMCEMPGBM,Industry - Non-metallic minerals - Cement - Pre-gr,Industry,NMMProducts34,Cement
INMCEMPGRP,Industry - Non-metallic minerals - Cement - Pre-gr,Industry,NMMProducts34,Cement
INMGLAADV,Industry - Non-metallic minerals - Glass - Advance,Industry,NMMProducts34,Glass
INMGLAF2TF,Industry - Non-metallic minerals - Glass - Fuel to,Industry,NMMProducts34,Glass
INMGLASTD,Industry - Non-metallic minerals - Glass - Standar,Industry,NMMProducts34,Glass
INMLIMADV,Industry - Non-metallic minerals - Lime - Advanced,Industry,NMMProducts34,Lime
INMLIMF2TF,Industry - Non-metallic minerals - Lime - Fuel to ,Industry,NMMProducts34,Lime
INMLIMSTD,Industry - Non-metallic minerals - Lime - Standard,Industry,NMMProducts34,Lime
IOTAELC-E,Industry-Other-Compressed air - Electricity       ,Industry,IndOther,Compressed Air
IOTCELC-E,Industry-Other-Cooling - Electricity              ,Industry,IndOther,Cooling
IOTEELC-E,Industry-Other-Electrochemical - Electricity      ,Industry,IndOther,Electrochemical
IOTFELC-E,Industry-Other-Fans - Electricity                 ,Industry,IndOther,Fans
IOTHELC-E,Industry-Other-HVAC - Electricity                 ,Industry,IndOther,HVAC
IOTKELC-E,Industry-Other-Elec Heating - Electricity         ,Industry,IndOther,Electric Heating
IOTLELC-E,Industry-Other-Lighting - Electricity             ,Industry,IndOther,Lighting
IOTOELC-E,Industry-Other-Other motive - Electricity         ,Industry,IndOther,Other Motive
IOTPELC-E,Industry-Other-Pumping - Electricity              ,Industry,IndOther,Pumping
IOTRODS-E,Industry-Other-Transport - Oil Diesel - Existing  ,Industry,IndOther,Other
IOTSCOA-E,Industry-Other-boiler/process heating - Coal - Exi,Industry,IndOther,Process Heat 
IOTSELC-E,Industry-Other-boiler/process heating - Electricit,Industry,IndOther,Process Heat 
IOTSGAS-E,Industry-Other-boiler/process heating - Gas - Exis,Industry,IndOther,Process Heat 
IOTSOHF-E,Industry-Other-boiler/process heating - Oil HFO - ,Industry,IndOther,Process Heat 
IOTSOLP-E,Industry-Other-boiler/process heating - Oil LPG - ,Industry,IndOther,Process Heat 
IOTSWAS-E,Industry-Other-boiler/process heating - Waste - Ex,Industry,IndOther,Process Heat 
IPPCHE-E-T1,Industry - Pulp&Paper - Chemical Pulping - Existin,Industry,Pulp_Paper323,Chemical Pulping
IPPCHE-E-T2,Industry - Pulp&Paper - Chemical Pulping - Existin,Industry,Pulp_Paper323,Chemical Pulping
IPPCHE-E,Industry - Pulp&Paper - Chemical Pulping - Existin,Industry,Pulp_Paper323,Chemical Pulping
IPPCHE-N,Industry - Pulp&Paper - Chemical Pulping - New bui,Industry,Pulp_Paper323,Chemical Pulping
IPPCHPGAS01-N,Industry - Pulp&Paper - CHP gas turbine - New     ,Industry,Pulp_Paper323,CHP
IPPCHPGAS02-N,Industry - Pulp&Paper - CHP gas CCGT- New         ,Industry,Pulp_Paper323,CHP
IPPCHPSTM01-N,Industry - Pulp&Paper - CHP Steam turbine - New   ,Industry,Pulp_Paper323,CHP
IPPDIS-E-T1,Industry - Pulp&Paper - Dissolving pulping - Exist,Industry,Pulp_Paper323,Disolving Pulping
IPPDIS-E-T2,Industry - Pulp&Paper - Dissolving pulping - Exist,Industry,Pulp_Paper323,Disolving Pulping
IPPDIS-E,Industry - Pulp&Paper - Dissolving pulping - Exist,Industry,Pulp_Paper323,Disolving Pulping
IPPDIS-N,Industry - Pulp&Paper - Dissolving pulping - New b,Industry,Pulp_Paper323,Disolving Pulping
IPPELCSTM-E,Industry - Pulp&Paper - Steam turbine - Existing  ,Industry,Pulp_Paper323,Other
IPPMCH-E-T1,Industry - Pulp&Paper - Mechanical Pulping - Exist,Industry,Pulp_Paper323,Mechanical Pulping
IPPMCH-E-T2,Industry - Pulp&Paper - Mechanical Pulping - Exist,Industry,Pulp_Paper323,Mechanical Pulping
IPPMCH-E,Industry - Pulp&Paper - Mechanical Pulping - Exist,Industry,Pulp_Paper323,Mechanical Pulping
IPPMCH-N,Industry - Pulp&Paper - Mechanical Pulping - New b,Industry,Pulp_Paper323,Mechanical Pulping
IPPPAP-E-T1,Industry - Pulp&Paper - Paper mill - Existing - EE,Industry,Pulp_Paper323,Paper Mill
IPPPAP-E-T2,Industry - Pulp&Paper - Paper mill - Existing - EE,Industry,Pulp_Paper323,Paper Mill
IPPPAP-E,Industry - Pulp&Paper - Paper mill - Existing     ,Industry,Pulp_Paper323,Paper Mill
IPPPAP-N,Industry - Pulp&Paper - Paper Mill - New build    ,Industry,Pulp_Paper323,Paper Mill
IPPREC-E-T1,Industry - Pulp&Paper - Recovered paper pulping - ,Industry,Pulp_Paper323,Other
IPPREC-E-T2,Industry - Pulp&Paper - Recovered paper pulping - ,Industry,Pulp_Paper323,Other
IPPREC-E,Industry - Pulp&Paper - Recovered paper pulping - ,Industry,Pulp_Paper323,Other
IPPREC-N,Industry - Pulp&Paper - Recovered paper pulping - ,Industry,Pulp_Paper323,Other
IPPSTMBIO-E,Industry - Pulp&Paper - Boiler plant - Biomass fir,Industry,Pulp_Paper323,Boiler Plant
IPPSTMBIO-N,Industry - Pulp&Paper - Boiler plant - Biomass fir,Industry,Pulp_Paper323,Boiler Plant
IPPSTMBLQ-E,Industry - Pulp&Paper - Recovery boiler - Black li,Industry,Pulp_Paper323,Boiler Plant
IPPSTMBLQ-N,Industry - Pulp&Paper - Recovery boiler - Black li,Industry,Pulp_Paper323,Boiler Plant
IPPSTMCOA-E,Industry - Pulp&Paper - Boiler plant - Coal fired ,Industry,Pulp_Paper323,Boiler Plant
IPPSTMCOA-N,Industry - Pulp&Paper - Boiler plant - Coal fired ,Industry,Pulp_Paper323,Boiler Plant
IPPSTMCOAOIL,Industry - Pulp&Paper - Boiler plant - Coal Oil fi,Industry,Pulp_Paper323,Boiler Plant
IPPSTMGAS-E,Industry - Pulp&Paper - Boiler plant - Gas fired  ,Industry,Pulp_Paper323,Boiler Plant
IPPSTMGAS-N,Industry - Pulp&Paper - Boiler plant - Gas fired -,Industry,Pulp_Paper323,Boiler Plant
IPPSTMOIL-N,Industry - Pulp&Paper - Boiler plant - Oil fired -,Industry,Pulp_Paper323,Boiler Plant
MINBIB,Renewable Resource: Biomass bagasse               ,Supply,Extraction,Other
MINBIG,Renewable Resource: Biogas                        ,Supply,Extraction,Other
MINBIO,Renewable Resource: Biomass Other                 ,Supply,Extraction,Other
MINBIW,Renewable Resource: Biomass Wood                  ,Supply,Extraction,Other
MINCLD,Extraction of Coal Discard                        ,Supply,Extraction,Coal_CB
MINCLE-A,Extraction of Coal low grade - existing - Dual Pro,Supply,Extraction,Coal_WB
MINCLE,Extraction of Coal low grade                      ,Supply,Extraction,Coal_CB
MINCLE1,Extraction of Coal low grade - existing - Eskom On,Supply,Extraction,Coal_CB
MINCLE2,Extraction of Coal low grade - existing - Dual Pro,Supply,Extraction,Coal_CB
MINCLE3,Extraction of Coal low grade - existing - Dual Pro,Supply,Extraction,Coal_CB
MINCLN-A,Extraction of Coal low grade - new - Dual Product ,Supply,Extraction,Coal_WB
MINCLN,Extraction of Coal low grade - new - Dual Product ,Supply,Extraction,Coal_CB
MINCLNU-A,Extraction of Coal low grade - new - Dual Product ,Supply,Extraction,Coal_WB
MINCLS-A,Extraction of Coal low grade - Sasol - New - water,Supply,Extraction,Coal_WB
MINCLS,Extraction of Coal low grade - Sasol              ,Supply,Extraction,Coal_CB
MINCOA,Extraction of Coal                                ,Supply,Extraction,Coal_CB
MINGAS,Extraction of Gas Indigenous Coal Bed Methane     ,Supply,Extraction,Gas_Cl
MINGIB,Extraction of Gas Indigenous Ibhubezi             ,Supply,Extraction,Gas_Cl
MINGIC,Extraction of Coastal Gas                         ,Supply,Extraction,Gas_Cl
MINGIH,Extraction of Gas Indigenous Shale                ,Supply,Extraction,Gas_Sl
MINHYD,Renewable Resource: Hydro                         ,Supply,Extraction,Other
MINOCR,Extraction of Oil Crude                           ,Supply,Extraction,Other
MINSOL,Renewable Resource: Solar                         ,Supply,Extraction,Other
MINWAS,Renewable Resource: Waste                         ,Supply,Extraction,Other
MINWAT,Water Supply                                      ,Supply,Extraction,Other
MINWND,Renewable Resource: Wind                          ,Supply,Extraction,Other
MIRCRB,Extraction of Coal for plants in Botswana         ,,,Other
MIRGRM,Extraction of Gas Northern Mozambique             ,,,Other
MIRGRN,Extraction of Gas Namibia                         ,,,Other
MIRGRS,Extraction of Gas Southern Mozambique             ,,,Other
MNZZZ,Backstop for whole system                         ,,,Other
PEXCME,Exports of Export grade Coal                      ,Supply,Exports,Exports
PEXCOA,Exports of Coal                                   ,Supply,Exports,Exports
PEXCOK,Exports of Coal Coking                            ,Supply,Exports,Exports
PEXELC,Exports of Electricity                            ,Supply,Exports,Exports
PEXGAS,Exports of Gas                                    ,Supply,Exports,Exports
PEXOAG,Exports of Oil Av Gasoline                        ,Supply,Exports,Exports
PEXOCR,Exports of Oil Crude                              ,Supply,Exports,Exports
PEXODS,Exports of Oil Diesel                             ,Supply,Exports,Exports
PEXOGS,Exports of Oil Gasoline                           ,Supply,Exports,Exports
PEXOHF,Exports of Oil HFO                                ,Supply,Exports,Exports
PEXOKE,Exports of Oil Kerosene                           ,Supply,Exports,Exports
RHEHBIWSTOV-E,Residential - Space Heating - High Income Electrif,Residential,HighIncome,Space Heating
RHEHCOASTOV-E,Residential - Space Heating - High Income Electrif,Residential,HighIncome,Space Heating
RHEHELCHEATFIN-E,Residential - Space Heating - High Income Electrif,Residential,HighIncome,Space Heating
RHEHGASHEAT-N,Residential - Space Heating - High Income Electrif,Residential,HighIncome,Space Heating
RHEHOKEHEAT-E,Residential - Space Heating - High Income Electrif,Residential,HighIncome,Space Heating
RHEHOLPHEAT-E,Residential - Space Heating - High Income Electrif,Residential,HighIncome,Space Heating
RHEKBIWSTOV-E,Residential - Cooking - High Income Electrified - ,Residential,HighIncome,Cooking
RHEKELCSTOV-E,Residential - Cooking - High Income Electrified - ,Residential,HighIncome,Cooking
RHEKGASSTOV-E,Residential - Cooking - High Income Electrified - ,Residential,HighIncome,Cooking
RHEKOKEPRIMUS-E,Residential - Cooking - High Income Electrified - ,Residential,HighIncome,Cooking
RHEKOLPSTOV-E,Residential - Cooking - High Income Electrified - ,Residential,HighIncome,Cooking
RHELELCINC-E,Residential - Lighting - High Income Electrified -,Residential,HighIncome,Lighting
RHENOKEOTH-E,Residential - Other - High Income Electrified - Oi,Residential,HighIncome,Non Energy
RHEOELCOTH-E,Residential - Other - High Income Electrified - El,Residential,HighIncome,Other
RHERELCREF-E,Residential - Refrigeration - High Income Electrif,Residential,HighIncome,Refrigeration
RHEWELCCHP-N,Residential - Water Heating - High Income Electrif,Residential,HighIncome,Water Heating
RHEWELCGEY-E,Residential - Water Heating - High Income Electrif,Residential,HighIncome,Water Heating
RHEWELCSWH-E,Residential - Water Heating - High Income Electrif,Residential,HighIncome,Water Heating
RHEWGASHEAT-N,Residential - Water Heating - High Income Electrif,Residential,HighIncome,Water Heating
RHEWOLPSTOV-E,Residential - Water Heating - High Income Electrif,Residential,HighIncome,Water Heating
RLEHBIWOPEN-E,Residential - Space Heating - Low Income Electrifi,Residential,LowIncome,Space Heating
RLEHCOABNM-E,Residential - Space Heating - Low Income Electrifi,Residential,LowIncome,Space Heating
RLEHELCHEATBAR-E,Residential - Space Heating - Low Income Electrifi,Residential,LowIncome,Space Heating
RLEHOKEHEAT-E,Residential - Space Heating - Low Income Electrifi,Residential,LowIncome,Space Heating
RLEHOLPHET-E,Residential - Space Heating - Low Income Electrifi,Residential,LowIncome,Space Heating
RLEKBIWBNM-E,Residential - Cooking - Low Income Electrified - B,Residential,LowIncome,Cooking
RLEKCOABNM-E,Residential - Cooking - Low Income Electrified - C,Residential,LowIncome,Cooking
RLEKELCHOT-E,Residential - Cooking - Low Income Electrified - E,Residential,LowIncome,Cooking
RLEKELCMIC-E,Residential - Cooking - Low Income Electrified - E,Residential,LowIncome,Cooking
RLEKELCSTOV-E,Residential - Cooking - Low Income Electrified - E,Residential,LowIncome,Cooking
RLEKOKEWICK-E,Residential - Cooking - Low Income Electrified - O,Residential,LowIncome,Cooking
RLEKOLPRING-E,Residential - Cooking - Low Income Electrified - O,Residential,LowIncome,Cooking
RLELELCINC-E,Residential - Lighting - Low Income Electrified - ,Residential,LowIncome,Lighting
RLENOKEOTH-E,Residential - Other - Low Income Electrified - Oil,Residential,LowIncome,Non Energy
RLEOELCOTH-E,Residential - Other - Low Income Electrified - Ele,Residential,LowIncome,Other
RLERELCREF-E,Residential - Refrigeration - Low Income Electrifi,Residential,LowIncome,Refrigeration
RLEWBIWKETBI-E,Residential - Water Heating - Low Income Electrifi,Residential,LowIncome,Water Heating
RLEWCOAKETCOA-E,Residential - Water Heating - Low Income Electrifi,Residential,LowIncome,Water Heating
RLEWELCGEY-E,Residential - Water Heating - Low Income Electrifi,Residential,LowIncome,Water Heating
RLEWELCKET-E,Residential - Water Heating - Low Income Electrifi,Residential,LowIncome,Water Heating
RLEWELCSWH-E,Residential - Water Heating - Low Income Electrifi,Residential,LowIncome,Water Heating
RLEWOKEKETWI-E,Residential - Water Heating - Low Income Electrifi,Residential,LowIncome,Water Heating
RLEWOLPKETLPG-E,Residential - Water Heating - Low Income Electrifi,Residential,LowIncome,Water Heating
RLNHBIWOPEN-E,Residential - Space Heating - Low Income Non-Elect,Residential,LowIncome,Space Heating
RLNHCOABNM-E,Residential - Space Heating - Low Income Non-Elect,Residential,LowIncome,Space Heating
RLNHOKEHEAT-E,Residential - Space Heating - Low Income Non-Elect,Residential,LowIncome,Space Heating
RLNHOLPHET-E,Residential - Space Heating - Low Income Non-Elect,Residential,LowIncome,Space Heating
RLNKBIWBNM-E,Residential - Cooking - Low Income Non- Electrifie,Residential,LowIncome,Cooking
RLNKCOABNM-E,Residential - Cooking - Low Income Non- Electrifie,Residential,LowIncome,Cooking
RLNKOKEWICK-E,Residential - Cooking - Low Income Non- Electrifie,Residential,LowIncome,Cooking
RLNKOLPRING-E,Residential - Cooking - Low Income Non- Electrifie,Residential,LowIncome,Cooking
RLNLOKEWICK-E,Residential - Lighting - Low Income Non-Electrifie,Residential,LowIncome,Lighting
RLNNOKEOTH-E,Residential - Other - Low Income Non-Electrified -,Residential,LowIncome,Non Energy
RLNWBIWKETBI-E,Residential - Water Heating - Low Income Non-Elect,Residential,LowIncome,Water Heating
RLNWCOABNM-E,Residential - Water Heating - Low Income Non-Elect,Residential,LowIncome,Water Heating
RLNWOKEKETWI-E,Residential - Water Heating - Low Income Non-Elect,Residential,LowIncome,Water Heating
RLNWOLPKETLPG-E,Residential - Water Heating - Low Income Non-Elect,Residential,LowIncome,Water Heating
RMEHBIWSTOV-E,Residential - Space Heating - Middle Income Electr,Residential,MiddleIncome,Space Heating
RMEHCOASTOV-E,Residential - Space Heating - Middle Income Electr,Residential,MiddleIncome,Space Heating
RMEHELCHEATFIN-E,Residential - Space Heating - Middle Income Electr,Residential,MiddleIncome,Space Heating
RMEHGASHEAT-N,Residential - Space Heating - Middle Income Electr,Residential,MiddleIncome,Space Heating
RMEHOKEHEAT-E,Residential - Space Heating - Middle Income Electr,Residential,MiddleIncome,Space Heating
RMEHOLPHEAT-E,Residential - Space Heating - Middle Income Electr,Residential,MiddleIncome,Space Heating
RMEKBIWSTOV-E,Residential - Cooking - Middle Income Electrified ,Residential,MiddleIncome,Cooking
RMEKCOABNM-E,Residential - Cooking - Middle Income Electrified ,Residential,MiddleIncome,Cooking
RMEKELCSTOV-E,Residential - Cooking - Middle Income Electrified ,Residential,MiddleIncome,Cooking
RMEKGASSTOV-E,Residential - Cooking - Middle Income Electrified ,Residential,MiddleIncome,Cooking
RMEKOKEWICK-E,Residential - Cooking - Middle Income Electrified ,Residential,MiddleIncome,Cooking
RMEKOLPSTOV-E,Residential - Cooking - Middle Income Electrified ,Residential,MiddleIncome,Cooking
RMELELCINC-E,Residential - Lighting - Middle Income Electrified,Residential,MiddleIncome,Lighting
RMENOKEOTH-E,Residential - Other - Middle Income Electrified - ,Residential,MiddleIncome,Non Energy
RMEOELCOTH-E,Residential - Other - Middle Income Electrified - ,Residential,MiddleIncome,Other
RMERELCREF-E,Residential - Refrigeration - Middle Income Electr,Residential,MiddleIncome,Refrigeration
RMEWBIWKETBI-E,Residential - Water Heating - Middle Income Electr,Residential,MiddleIncome,Water Heating
RMEWCOASTOV-E,Residential - Water Heating - Middle Income Electr,Residential,MiddleIncome,Water Heating
RMEWELCCHP-N,Residential - Water Heating - Middle Income Electr,Residential,MiddleIncome,Water Heating
RMEWELCGEY-E,Residential - Water Heating - Middle Income Electr,Residential,MiddleIncome,Water Heating
RMEWELCSWH-E,Residential - Water Heating - Middle Income Electr,Residential,MiddleIncome,Water Heating
RMEWGASGEY-N,Residential - Water Heating - Middle Income Electr,Residential,MiddleIncome,Water Heating
RMEWOKEKETPR-E,Residential - Water Heating - Middle Income Electr,Residential,MiddleIncome,Water Heating
RMEWOLPKETLPG-E,Residential - Water Heating - Middle Income Electr,Residential,MiddleIncome,Water Heating
RMNHBIWOPEN-E,Residential - Space Heating - Middle Income Non-El,Residential,MiddleIncome,Space Heating
RMNHCOABNM-E,Residential - Space Heating - Middle Income Non-El,Residential,MiddleIncome,Space Heating
RMNHGASHET-N,Residential - Space Heating - Middle Income Non-El,Residential,MiddleIncome,Space Heating
RMNHOKEHEAT-E,Residential - Space Heating - Middle Income Non-El,Residential,MiddleIncome,Space Heating
RMNHOLPHET-E,Residential - Space Heating - Middle Income Non-El,Residential,MiddleIncome,Space Heating
RMNKBIWBNM-E,Residential - Cooking - Middle Income Non- Electri,Residential,MiddleIncome,Cooking
RMNKCOABNM-E,Residential - Cooking - Middle Income Non- Electri,Residential,MiddleIncome,Cooking
RMNKGASSTOV-N,Residential - Cooking - Middle Income Non- Electri,Residential,MiddleIncome,Cooking
RMNKOKEWICK-E,Residential - Cooking - Middle Income Non- Electri,Residential,MiddleIncome,Cooking
RMNKOLPRING-E,Residential - Cooking - Middle Income Non- Electri,Residential,MiddleIncome,Cooking
RMNLOKEWICK-E,Residential - Lighting - Middle Income Non-Electri,Residential,MiddleIncome,Lighting
RMNNOKEOTH-E,Residential - Other - Middle Income Non-Electrifie,Residential,MiddleIncome,Non Energy
RMNWBIWKETBI-E,Residential - Water Heating - Middle Income Non-El,Residential,MiddleIncome,Water Heating
RMNWCOAKETCOA-E,Residential - Water Heating - Middle Income Non-El,Residential,MiddleIncome,Water Heating
RMNWGASGEY-N,Residential - Water Heating - Middle Income Non-El,Residential,MiddleIncome,Water Heating
RMNWOKEKETWI-E,Residential - Water Heating - Middle Income Non-El,Residential,MiddleIncome,Water Heating
RMNWOLPKETLPG-E,Residential - Water Heating - Middle Income Non-El,Residential,MiddleIncome,Water Heating
TAJETOKE-E,Transport Other -  Aviation Jet Fuel-E            ,Transport,Aviation,Aviation
TAJETOKE-N,Transport Other -  Aviation Jet Fuel Oil LPG-N    ,Transport,Aviation,Aviation
TAOAGOAG-E,Transport Other - Aviation Gasoline-E             ,Transport,Aviation,Aviation
TAOAGOAG-N,Transport Other - Aviation Gasoline T-N           ,Transport,Aviation,Aviation
TFHCV1ELC-N,Transport Freight - HCV1 Electricity-N            ,Transport,FreightRoad,HCV1Electric
TFHCV1GAS-N,Transport Freight - HCV1 Gas-N                    ,Transport,FreightRoad,HCV1Gas
TFHCV1ODS-E,Transport Freight - HCV1 Oil Diesel-E             ,Transport,FreightRoad,HCV1Oil
TFHCV1ODS-N,Transport Freight - HCV1 Oil Diesel-N             ,Transport,FreightRoad,HCV1Oil
TFHCV1OGS-E,Transport Freight - HCV1 Oil Gasoline-E           ,Transport,FreightRoad,HCV1Oil
TFHCV1OGS-N,Transport Freight - HCV1 Oil Gasoline-N           ,Transport,FreightRoad,HCV1Oil
TFHCV2ELC-N,Transport Freight - HCV2 Electricity-N            ,Transport,FreightRoad,HCV2-5Electric
TFHCV2GAS-N,Transport Freight - HCV2 Gas-N                    ,Transport,FreightRoad,HCV2-5Gas
TFHCV2HGN-N,Transport Freight - HCV2 Hydrogen-N               ,Transport,FreightRoad,HCV2-5Hydrogen
TFHCV2ODS-E,Transport Freight - HCV2 Oil Diesel-E             ,Transport,FreightRoad,HCV2-5Oil
TFHCV2ODS-N,Transport Freight - HCV2 Oil Diesel-N             ,Transport,FreightRoad,HCV2-5Oil
TFHCV3ELC-N,Transport Freight - HCV3 Electricity-N            ,Transport,FreightRoad,HCV2-5Electric
TFHCV3GAS-N,Transport Freight - HCV3 Gas-N                    ,Transport,FreightRoad,HCV2-5Gas
TFHCV3HGN-N,Transport Freight - HCV3 Hydrogen-N               ,Transport,FreightRoad,HCV2-5Hydrogen
TFHCV3ODS-E,Transport Freight - HCV3 Oil Diesel-E             ,Transport,FreightRoad,HCV2-5Oil
TFHCV3ODS-N,Transport Freight - HCV3 Oil Diesel-N             ,Transport,FreightRoad,HCV2-5Oil
TFHCV4GAS-N,Transport Freight - HCV4 Gas-N                    ,Transport,FreightRoad,HCV2-5Gas
TFHCV4HGN-N,Transport Freight - HCV4 Hydrogen-N               ,Transport,FreightRoad,HCV2-5Hydrogen
TFHCV4ODS-E,Transport Freight - HCV4 Oil Diesel-E             ,Transport,FreightRoad,HCV2-5Oil
TFHCV4ODS-N,Transport Freight - HCV4 Oil Diesel-N             ,Transport,FreightRoad,HCV2-5Oil
TFHCV5GAS-N,Transport Freight - HCV5 Gas-N                    ,Transport,FreightRoad,HCV2-5Gas
TFHCV5HGN-N,Transport Freight - HCV5 Hydrogen-N               ,Transport,FreightRoad,HCV2-5Hydrogen
TFHCV5ODS-E,Transport Freight - HCV5 Oil Diesel-E             ,Transport,FreightRoad,HCV2-5Oil
TFHCV5ODS-N,Transport Freight - HCV5 Oil Diesel-N             ,Transport,FreightRoad,HCV2-5Oil
TFHCV6GAS-N,Transport Freight - HCV6 Gas-N                    ,Transport,FreightRoad,HCV6-9Gas
TFHCV6HGN-N,Transport Freight - HCV6 Hydrogen-N               ,Transport,FreightRoad,HCV6-9Hydrogen
TFHCV6ODS-E,Transport Freight - HCV6 Oil Diesel-E             ,Transport,FreightRoad,HCV6-9Oil
TFHCV6ODS-N,Transport Freight - HCV6 Oil Diesel-N             ,Transport,FreightRoad,HCV6-9Oil
TFHCV7GAS-N,Transport Freight - HCV7 Gas-N                    ,Transport,FreightRoad,HCV6-9Gas
TFHCV7HGN-N,Transport Freight - HCV7 Hydrogen-N               ,Transport,FreightRoad,HCV6-9Hydrogen
TFHCV7ODS-E,Transport Freight - HCV7 Oil Diesel-E             ,Transport,FreightRoad,HCV6-9Oil
TFHCV7ODS-N,Transport Freight - HCV7 Oil Diesel-N             ,Transport,FreightRoad,HCV6-9Oil
TFHCV8GAS-N,Transport Freight - HCV8 Gas-N                    ,Transport,FreightRoad,HCV6-9Gas
TFHCV8HGN-N,Transport Freight - HCV8 Hydrogen-N               ,Transport,FreightRoad,HCV6-9Hydrogen
TFHCV8ODS-E,Transport Freight - HCV8 Oil Diesel-E             ,Transport,FreightRoad,HCV6-9Oil
TFHCV8ODS-N,Transport Freight - HCV8 Oil Diesel-N             ,Transport,FreightRoad,HCV6-9Oil
TFHCV9GAS-N,Transport Freight - HCV9 Gas-N                    ,Transport,FreightRoad,HCV6-9Gas
TFHCV9HGN-N,Transport Freight - HCV9 Hydrogen-N               ,Transport,FreightRoad,HCV6-9Hydrogen
TFHCV9ODS-E,Transport Freight - HCV9 Oil Diesel-E             ,Transport,FreightRoad,HCV6-9Oil
TFHCV9ODS-N,Transport Freight - HCV9 Oil Diesel-N             ,Transport,FreightRoad,HCV6-9Oil
TFLCVELC-N,Transport Freight - LCV Electricity-N             ,Transport,FreightRoad,LCVElectric
TFLCVGAS-N,Transport Freight - LCV Gas-N                     ,Transport,FreightRoad,LCVGas
TFLCVODS-E,Transport Freight - LCV Oil Diesel-E              ,Transport,FreightRoad,LCVOil
TFLCVODS-N,Transport Freight - LCV Oil Diesel-N              ,Transport,FreightRoad,LCVOil
TFLCVOGS-E,Transport Freight - LCV Oil Gasoline-E            ,Transport,FreightRoad,LCVOil
TFLCVOGS-N,Transport Freight - LCV Oil Gasoline-N            ,Transport,FreightRoad,LCVOil
TFPIPELC-E,Transport Other - Pipeline Electricity-E          ,Transport,FreightPip,FreightPip
TFPIPELC-N,Transport Other - Pipeline Electricity-N          ,Transport,FreightPip,FreightPip
TFRCOELC-E,Transport Freight - Rail Corridor Electricity-E   ,Transport,FreightRail,FreightRail
TFRCOELC-N,Transport Freight - Rail Corridor Electricity-N   ,Transport,FreightRail,FreightRail
TFRCOGAS-N,Transport Freight - Rail Corridor Gas-N           ,Transport,FreightRail,FreightRail
TFRCOODS-E,Transport Freight - Rail Corridor Oil Diesel-E    ,Transport,FreightRail,FreightRail
TFREXELC-N,Transport Freight - Rail Export (bulk mining) Elec,Transport,FreightRail,FreightRail
TFREXELCR-E,Transport Freight - Rail Export (bulk mining) Elec,Transport,FreightRail,FreightRail
TFREXODSR-E,Transport Freight - Rail Export (bulk mining) Oil ,Transport,FreightRail,FreightRail
TFROTELC-E,Transport Freight - Rail Other Electricity-E      ,Transport,FreightRail,FreightRail
TFROTELC-N,Transport Freight - Rail Other Electricity-N      ,Transport,FreightRail,FreightRail
TFROTODS-E,Transport Freight - Rail Other Oil Diesel-E       ,Transport,FreightRail,FreightRail
TPPRCARBGS-N,Transport Passenger Car Priv.Veh. Oil Blended Gaso,Transport,PassPriv,CarFlex
TPPRCARELC-N,Transport Passenger Car Priv.Veh. Electricity-N   ,Transport,PassPriv,CarElectric
TPPRCARGAS-N,Transport Passenger Car Priv.Veh. Gas-N           ,Transport,PassPriv,CarGas
TPPRCARHGNF-N,Transport Passenger Car Priv.Veh. Hydrogen Fuel Ce,Transport,PassPriv,CarHydrogen
TPPRCARODS-E,Transport Passenger Car Priv.Veh. Oil Diesel-E    ,Transport,PassPriv,CarOil
TPPRCARODS-N,Transport Passenger Car Priv.Veh. Oil Diesel-N    ,Transport,PassPriv,CarOil
TPPRCARODSH-N,Transport Passenger Car Priv.Veh. Oil Diesel Hybri,Transport,PassPriv,CarHybrid
TPPRCAROGS-E,Transport Passenger Car Priv.Veh. Oil Gasoline-E  ,Transport,PassPriv,CarOil
TPPRCAROGS-N,Transport Passenger Car Priv.Veh. Oil Gasoline-N  ,Transport,PassPriv,CarOil
TPPRCAROGSH-E,Transport Passenger Car Priv.Veh. Oil GasolineHybr,Transport,PassPriv,CarOil
TPPRCAROGSH-N,Transport Passenger Car Priv.Veh. Oil Gasoline Hyb,Transport,PassPriv,CarHybrid
TPPRMOTOGS-E,Transport Passenger Moto Priv.Veh. Oil Gasoline-E ,Transport,PassPriv,MotoOil
TPPRMOTOGS-N,Transport Passenger Moto Priv.Veh. Oil Gasoline-N ,Transport,PassPriv,MotoOil
TPPRSUVBGS-N,Transport Passenger SUV Priv.Veh. Oil Blended Gaso,Transport,PassPriv,SUVFlex
TPPRSUVGAS-N,Transport Passenger SUV Priv.Veh. Gas-N           ,Transport,PassPriv,SUVGas
TPPRSUVHGNF-N,Transport Passenger SUV Priv.Veh. Hydrogen Fuel Ce,Transport,PassPriv,SUVHydrogen
TPPRSUVODS-E,Transport Passenger SUV Priv.Veh. Oil Diesel-E    ,Transport,PassPriv,SUVOil
TPPRSUVODS-N,Transport Passenger SUV Priv.Veh. Oil Diesel-N    ,Transport,PassPriv,SUVOil
TPPRSUVODSH-N,Transport Passenger SUV Priv.Veh. Oil Diesel Hybri,Transport,PassPriv,SUVHybrid
TPPRSUVOGS-E,Transport Passenger SUV Priv.Veh. Oil Gasoline-E  ,Transport,PassPriv,SUVOil
TPPRSUVOGS-N,Transport Passenger SUV Priv.Veh. Oil Gasoline-N  ,Transport,PassPriv,SUVOil
TPPRSUVOGSH-N,Transport Passenger SUV Priv.Veh. Oil Gasoline Hyb,Transport,PassPriv,SUVHybrid
TPPUBRTBGS-N,Transport Passenger BRT Oil Blended Gasoline-Ethan,Transport,PassPub,BRTFlex
TPPUBRTELC-N,Transport Passenger BRT Electricity-N             ,Transport,PassPub,BRTElc
TPPUBRTGAS-N,Transport Passenger BRT Gas-N                     ,Transport,PassPub,BRTGas
TPPUBRTHGNF-N,Transport Passenger BRT Hydrogen-N                ,Transport,PassPub,BRTHydrogen
TPPUBRTODS-N,Transport Passenger BRT Oil Diesel-N              ,Transport,PassPub,BRTOil
TPPUBUSBGS-N,Transport Passenger Bus Oil Blended Gasoline-Ethan,Transport,PassPub,BusFlex
TPPUBUSELC-N,Transport Passenger Bus Electricity-N             ,Transport,PassPub,BusElectric
TPPUBUSGAS-N,Transport Passenger Bus Gas-N                     ,Transport,PassPub,BusGas
TPPUBUSHGNF-N,Transport Passenger Bus Hydrogen Fuel Cell-N      ,Transport,PassPub,BusHydrogen
TPPUBUSODS-E,Transport Passenger Bus Oil Diesel-E              ,Transport,PassPub,BusOil
TPPUBUSODS-N,Transport Passenger Bus Oil Diesel-N              ,Transport,PassPub,BusOil
TPPUGATELC-N,Transport Passenger Gautrain Electricity-N        ,Transport,PassPub,PassengerRail
TPPUMBTBGS-N,Transport Passenger Minibus Oil Blended Gasoline-E,Transport,PassPub,MinibusFlex
TPPUMBTGAS-N,Transport Passenger Minibus Gas-N                 ,Transport,PassPub,MinibusGas
TPPUMBTHGNF-N,Transport Passenger Minibus Hydrogen Fuel Cell-N  ,Transport,PassPub,MinibusHydrogen
TPPUMBTODS-E,Transport Passenger Minibus Oil Diesel-E          ,Transport,PassPub,MinibusOil
TPPUMBTODS-N,Transport Passenger Minibus Oil Diesel-N          ,Transport,PassPub,MinibusOil
TPPUMBTODSH-N,Transport Passenger Minibus Oil Diesel Hybrid-N   ,Transport,PassPub,MinibusHybrid
TPPUMBTOGS-E,Transport Passenger Minibus Oil Gasoline-E        ,Transport,PassPub,MinibusOil
TPPUMBTOGS-N,Transport Passenger Minibus Oil Gasoline-N        ,Transport,PassPub,MinibusOil
TPPUMERELC-E,Transport Passenger Metro Rail Electricity-E      ,Transport,PassPub,PassengerRail
TPPUMERELC-N,Transport Passenger Metro Rail Electricity-N      ,Transport,PassPub,PassengerRail
TSHFOOHF-E,Transport Other - HFO-E                           ,Transport,TraOther,TraOther
TSHFOOHF-N,Transport Other - HFO Oil HFO-N                   ,Transport,TraOther,TraOther
UCOGCLEHGN,Production Plant Hydrogen - Large Coal Gasificatio,Refineries,Hydrogen,Hydrogen
UCTLCLEIN-E,Refinery CTL Existing                             ,Refineries,CTL,CTL
UCTLCLEIN-N-A,Refinery CTL New - Waterberg                      ,Refineries,CTL,CTL
UCTLCLEIN-N,Refinery CTL New                                  ,Refineries,CTL,CTL
UELEHGN,Production Plant Hydrogen - Water Electrolysis    ,Refineries,Hydrogen,Hydrogen
UGASGIB-N,Pipeline Gas Indigenous Ibhubezi                  ,,,Other
UGASGIC-N,Pipeline Coastal Gas                              ,,,Other
UGASGIH-N,Pipeline Gas Indigenous Shale                     ,,,Other
UGASGIHE-N,Pipeline Gas Indigenous Shale for export          ,,,Other
UGASGRM-N,Pipeline Gas Northern Mozambique                  ,Supply,Imports,Imports
UGASGRS-N,Pipeline Gas Southern Mozambique                  ,Supply,Imports,Imports
UGTLGASIN-N,Refinery GTL New - Inland                         ,Refineries,GTL,GTL
UGTLGICCO-E,Refinery GTL Existing                             ,Refineries,GTL,GTL
UGTLGICCO-N,Refinery GTL New - Coastal                        ,Refineries,GTL,GTL
UHETCLE-E,Refinery CTL Boiler Existing                      ,Refineries,CTL,CTL
UHETCLE-N,Refinery CTL Boiler New                           ,Refineries,CTL,CTL
ULGTGRL-N,LNG Terminal                                      ,LNG,LNGT,LNGFSRU
ULGTGRLFSRU-N,FSRU Terminal                                     ,LNG,FSRU,LNGTerm
UREFOCRCO-E,Refinery Crude Oil Coastal Existing               ,Refineries,CrudeRef,CrudeRef
UREFOCRCO-N,Refinery Crude Oil New                            ,Refineries,CrudeRef,CrudeRef
UREFOCRIN-E,Refinery Crude Oil Inland Existing                ,Refineries,CrudeRef,CrudeRef
USMRGASHGN,Production Plant Hydrogen - Large SMR - Inland    ,Refineries,Hydrogen,Hydrogen
USMRGICHGN,Production Plant Hydrogen - Large SMR - Coastal   ,Refineries,Hydrogen,Hydrogen
UTRNGIMGAS,Conversion Methane Rich Gas Natural Gas for use in,,,Other
UXCWCME,Coal Washing - export grade coal                  ,,,Other
UXCWCOA,Coal Washing - metallurgical coal                 ,,,Other
UXLE-AB,Waterberg to central basin railway line option 1 (,,,Other
UXLE-BR,Central basin to RBCT railway line                ,,,Other
UXLE2-AB,Waterberg to central basin railway line option 2 (,,,Other
XAGRCOA,Agriculatural Coal                                ,,,Other
XAGRELC,Agriculatural Electricity                         ,,,Other
XAGRODS,Agriculatural Oil Diesel                          ,,,Other
XAGROGS,Agriculatural Oil Gasoline                        ,,,Other
XAGROHF,Agriculatural Oil HFO                             ,,,Other
XAGROKE,Agriculatural Oil Paraffin                        ,,,Other
XAGROLP,Agriculatural Oil LPG                             ,,,Other
XCOMCOA,Commercial Coal                                   ,,,Other
XCOMELC,Commercial Electricity                            ,,,Other
XCOMGAS,Commercial Gas South Africa                       ,,,Other
XCOMODS,Commercial Oil Diesel                             ,,,Other
XCOMOGS,Commercial Oil Gasoline                           ,,,Other
XCOMOHF,Commercial Oil HFO                                ,,,Other
XCOMOKE,Commercial Oil Kerosene                           ,,,Other
XCOMOLP,Commercial Oil LPG                                ,,,Other
XICPELC,Industrial CP-Electricity                         ,,,Other
XICPGAS,Industrial CP-Gas                                 ,,,Other
XIFAELC,Industrial FA-Electricity                         ,,,Other
XIFAGAS,Industrial FA-Gas                                 ,,,Other
XIFBELC,Industrial FB-Electricity                         ,,,Other
XIFBGAS,Industrial FB-Gas                                 ,,,Other
XIISBIO,Industry - Iron and Steel - Biomass (dummy)       ,,,Other
XIISCKC,Industry - Iron and Steel - Coking Coal (dummy)   ,,,Other
XIISCOA,Industry - Iron and Steel - Coal (dummy)          ,,,Other
XIISELC,Industrial IS-Electricity                         ,,,Other
XIISGAS,Industrial IS-Gas                                 ,,,Other
XIISOIL,Industry - Iron and Steel - Oil                   ,,,Other
XIISOLP,Industry - Iron and Steel - Oil LPG               ,,,Other
XIISSSC,Industry - Iron and Steel - Steel Scrap           ,,,Other
XIISWAS,Industry - Iron and Steel - Waste (dummy)         ,,,Other
XIMIELC,Industrial MI-Electricity                         ,,,Other
XIMIGAS,Industrial MI-Gas                                 ,,,Other
XINDBIB,Industry Biomass bagasse                          ,,,Other
XINDBIW,Industry Biomass Wood                             ,,,Other
XINDCOA,Industry Coal                                     ,,,Other
XINDCOK,Industry Coal Coking                              ,,,Other
XINDELC,Industry Electricity                              ,,,Other
XINDELP,Electricity supply                                ,,,Other
XINDGAS,Industry Gas South Africa                         ,,,Other
XINDODS,Industry Oil Diesel                               ,,,Other
XINDOGS,Industry Oil Gasoline                             ,,,Other
XINDOHF,Industry Oil HFO                                  ,,,Other
XINDOLP,Industry Oil LPG                                  ,,,Other
XINDWAS,Industry Waste                                    ,,,Other
XINFELC,Industrial NF-Electricity                         ,,,Other
XINFGAS,Industrial NF-Gas                                 ,,,Other
XINMBIO,Industry - Non-metallic minerals - Biomass (dummy),,,Other
XINMCOA,Industry - Non-metallic minerals - Coal (dummy)   ,,,Other
XINMELC,Industrial NM-Electricity                         ,,,Other
XINMGAS,Industrial NM-Gas                                 ,,,Other
XINMOIL,Industry - Non-metallic minerals - Oil (dummy)    ,,,Other
XIOTELC,Industrial OT-Electricity                         ,,,Other
XIOTGAS,Industrial OT-Gas                                 ,,,Other
XIPPBIB,Industry - Pulp and Paper - Biomass Bagasse (dummy,,,Other
XIPPCOA,Industry - Pulp and paper - Coal (dummy)          ,,,Other
XIPPELC,Industrial PP-Electricity                         ,,,Other
XIPPGAS,Industrial PP-Gas                                 ,,,Other
XIPPODS,Industry - Pulp and paper - Oil diesel            ,,,Other
XIPPOGS,Industry - Pulp and paper - Oil Gasoline          ,,,Other
XIPPOHF,Industry - Pulp and paper - Oil Heavy fuel        ,,,Other
XIPPOLP,Industry - Pulp and paper - Oil LPG               ,,,Other
XIPPRECP,Generic supply - Industry - Recovered Paper       ,,,Other
XPWRBIB,Power Sector Biomass bagasse                      ,,,Other
XPWRBIG,Power Sector Biogas                               ,,,Other
XPWRBIO,Power Sector Biomass Other                        ,,,Other
XPWRBIW,Power Sector Biomass Wood                         ,,,Other
XPWRCLD,Power Sector Coal Discard                         ,,,Other
XPWRCLE-A,Power Sector Coal low grade - Waterberg           ,,,Other
XPWRCLE,Power Sector Coal low grade                       ,,,Other
XPWRCLEC-A,Power Sector Coal low grade - existing contracts -,,,Other
XPWRCLEC,Power Sector Coal low grade - existing contracts  ,,,Other
XPWRCRB,Power Sector Coal for plants in Botswana          ,,,Other
XPWRGAS,Power Sector Gas South Africa                     ,,,Other
XPWRGIC,Power Sector Coastal Gas                          ,,,Other
XPWRGIH,Power Sector Gas Indigenous Shale                 ,,,Other
XPWRGRM,Power Sector Gas Northern Mozambique              ,,,Other
XPWRGRN,Power Sector Gas Namibia                          ,,,Other
XPWRGRS,Power Sector Gas Southern Mozambique              ,,,Other
XPWRHYD,Power Sector Hydro                                ,,,Other
XPWRNUC,Power Sector Nuclear                              ,,,Other
XPWRODS,Power Sector Oil Diesel                           ,,,Other
XPWRSOL,Power Sector Solar                                ,,,Other
XPWRWND,Power Sector Wind                                 ,,,Other
XRESBIW,Residential Biomass Wood                          ,,,Other
XRESCOA,Residential Coal                                  ,,,Other
XRESELC,Residential Electricity                           ,,,Other
XRESGAS,Residential Gas South Africa                      ,,,Other
XRESOKE,Residential Oil Kerosene                          ,,,Other
XRESOLP,Residential Oil LPG                               ,,,Other
XTRABGS,Distribution of blended transport gasoline        ,,,Other
XTRAELC,Transport Electricity                             ,,,Other
XTRAEVF,Transport freight EV supply: grid and distributed ,,,Other
XTRAEVP,Transport private EV supply: grid and distributed ,,,Other
XTRAGAS,Transport Gas South Africa                        ,,,Other
XTRAHGN,Transport Hydrogen                                ,,,Other
XTRAOAG,Transport Oil Av Gasoline                         ,,,Other
XTRAODS,Transport Oil Diesel                              ,,,Other
XTRAOGS,Transport Oil Gasoline                            ,,,Other
XTRAOHF,Transport Oil HFO                                 ,,,Other
XTRAOKE,Transport Oil Kerosene                            ,,,Other
XUPSBID,Supply Sector Biodiesel                           ,,,Other
XUPSBIE,Supply Sector Bioethanol                          ,,,Other
XUPSCLE-S,Supply Sector Coal low grade - Waterberg          ,,,Other
XUPSCLE,Supply Sector Coal low grade                      ,,,Other
XUPSELC,Supply Sector Electricity                         ,,,Other
XUPSGAS,Supply Sector Gas South Africa                    ,,,Other
XUPSGIC,Supply Sector Coastal Gas                         ,,,Other
XUPSHEE,Supply Sector Heat-Steam Existing                 ,,,Other
XUPSHEN,Supply Sector Heat-Steam New                      ,,,Other
XUPSOCR,Supply Sector Oil Crude                           ,,,Other
XUPSOHF,Supply Sector Oil HFO                             ,,,Other
ZZBKELCC,Backstop for Electricity                          ,,,Other
ZZBKNRG,Backstop for all energy except elc                ,,,Other
